time,longitude,latitude,accuracy,height,azimuth,rscp,ecio,car_speed,engine_rpm,accel_pos,engine_cool_temp,brake_sw,accum_dist,accum_fuel,battery_voltage,fuel_cost,idle_sw,ac,light_sw,steering_torque,shift_pos,shift_mode,blinker,wiper,fuel_injection,odometer,soc,air_temp_setting1,air_temp_setting2,air_temp_setting3,air_fan1,air_fan2,air_fan3,ext_int_air,door_lock,door_open,seatbelt,abs,temperature,motor_temperature,electric_mileage,a_000_x,a_000_y,a_000_z,a_200_x,a_200_y,a_200_z,a_400_x,a_400_y,a_400_z,a_600_x,a_600_y,a_600_z,a_800_x,a_800_y,a_800_z
1560673433,,,,,,,,0.00,445,10.0,60,0,3929158,577622.01,12.50,0.00,,,,,,,,,16,,,,,,,,,,,,,,,,,-66,-15,1025,-78,-6,1028,-61,-16,1020,-59,-13,1021,-60,-14,1022
1560673434,,,,,,,,0.00,451,10.0,60,0,3929158,577622.26,12.37,0.00,,,,,,,,,14,,,,,,,,,,,,,,,,,-60,-14,1022,-59,-12,1022,-60,-14,1024,-57,-11,1021,-60,-14,1025
1560673435,,,,,,,,0.00,447,10.0,60,0,3929158,577622.51,12.49,0.00,,,,,,,,,14,,,,,,,,,,,,,,,,,-58,-11,1025,-54,-16,1022,-60,-12,1022,-58,-13,1022,-57,-13,1026
1560673436,,,,,,,,0.00,442,10.0,60,0,3929158,577622.76,12.37,0.00,,,,,,,,,14,,,,,,,,,,,,,,,,,-57,-13,1026,-58,-12,1022,-61,-13,1022,-58,-14,1023,-57,-11,1022
1560673437,,,,,,,,0.00,435,10.0,60,0,3929158,577623.01,12.16,0.00,,,,,,,,,14,,,,,,,,,,,,,,,,,-57,-11,1022,-58,-15,1023,-56,-13,1021,-61,-15,1021,-57,-10,1024
1560673438,,,,,,,,0.00,440,10.0,60,0,3929158,577623.26,12.31,0.00,,,,,,,,,14,,,,,,,,,,,,,,,,,-57,-10,1024,-63,-10,1023,-59,-12,1023,-60,-12,1024,-61,-11,1018
1560673439,,,,,,,,0.00,440,13.0,60,0,3929158,577623.51,12.36,0.00,,,,,,,,,14,,,,,,,,,,,,,,,,,-60,-9,1027,-62,-14,1024,-60,-10,1021,-61,-12,1022,-63,-9,1024
1560673440,,,,,,,,0.00,1331,10.0,60,0,3929158,577625.92,13.91,0.00,,,,,,,,,217,,,,,,,,,,,,,,,,,-63,-9,1024,-63,-13,1024,-59,-8,1021,-65,-13,1023,-58,-13,1024
1560673441,,,,,,,,0.00,2084,10.0,60,0,3929158,577626.58,13.94,0.00,,,,,,,,,39,,,,,,,,,,,,,,,,,-58,-13,1024,-64,-11,1019,-56,-10,1027,-63,-10,1026,-57,-12,1021
1560673442,,,,,,,,0.00,1277,10.0,60,0,3929158,577627.12,13.89,0.00,,,,,,,,,30,,,,,,,,,,,,,,,,,-57,-12,1021,-58,-11,1022,-60,-13,1021,-60,-14,1020,-57,-11,1023
1560673443,,,,,,,,0.00,923,10.0,60,0,3929158,577627.62,13.93,0.00,,,,,,,,,29,,,,,,,,,,,,,,,,,-61,-11,1023,-60,-12,1023,-59,-11,1025,-59,-11,1024,-58,-12,1022
1560673444,,,,,,,,0.00,920,10.0,60,0,3929158,577628.11,13.91,0.00,,,,,,,,,29,,,,,,,,,,,,,,,,,-58,-12,1021,-61,-12,1023,-59,-12,1021,-59,-14,1021,-59,-11,1022
1560673445,,,,,,,,0.00,913,10.0,60,0,3929158,577628.61,13.96,0.00,,,,,,,,,29,,,,,,,,,,,,,,,,,-59,-11,1022,-60,-14,1022,-61,-12,1022,-60,-10,1024,-60,-15,1021
1560673446,,,,,,,,0.00,908,10.0,60,0,3929158,577629.09,13.94,0.00,,,,,,,,,28,,,,,,,,,,,,,,,,,-60,-15,1021,-60,-11,1022,-59,-13,1021,-60,-11,1023,-59,-13,1023
1560673447,,,,,,,,0.00,895,10.0,59,0,3929158,577629.57,13.97,0.00,,,,,,,,,28,,,,,,,,,,,,,,,,,-60,-11,1023,-59,-13,1020,-60,-11,1021,-67,-12,1024,-61,-11,1022
1560673448,,,,,,,,0.00,895,10.0,59,1,3929158,577630.09,13.82,0.00,,,,,,,,,30,,,,,,,,,,,,,,,,,-61,-11,1022,-63,-12,1020,-60,-12,1023,-58,-13,1021,-60,-14,1021
1560673449,,,,,,,,0.00,888,10.0,59,1,3929158,577630.60,13.85,0.00,,,,,,,,,30,,,,,,,,,,,,,,,,,-61,-14,1021,-69,-12,1018,-94,-11,1014,-83,-11,1011,-61,-12,1022
1560673450,,,,,,,,0.00,885,10.0,59,1,3929158,577631.15,13.93,0.00,,,,,,,,,36,,,,,,,,,,,,,,,,,-61,-12,1022,-51,-14,1023,-25,-14,1026,-41,-15,1021,-56,-15,1025
1560673451,,,,,,,,0.00,876,14.0,59,0,3929158,577631.85,13.91,0.00,,,,,,,,,48,,,,,,,,,,,,,,,,,55,-54,1037,58,-70,1036,45,-70,1042,36,-68,1042,33,-68,1037
1560673452,,,,,,,,0.00,1238,14.0,59,0,3929158,577633.02,13.95,0.00,,,,,,,,,82,,,,,,,,,,,,,,,,,33,-68,1037,13,-76,1045,8,-81,1040,-16,-106,1039,-10,-102,1028
1560673453,,,,,,125,31,0.00,1221,14.0,59,0,3929158,577634.32,13.97,0.00,,,,,,,,,78,,,,,,,,,,,,,,,,,-10,-102,1028,-19,-103,1045,-30,-114,1045,-34,-109,1045,-21,-89,1043
1560673454,,,,,,62,3,7.00,1253,14.0,59,0,3929159,577635.60,13.94,1.60,,,,,,,,,71,,,,,,,,,,,,,,,,,-21,-89,1043,0,-68,1015,-45,-110,1050,-57,-101,1042,-34,-86,1003
1560673455,,,,,,62,3,10.00,1345,16.0,59,0,3929162,577636.83,13.96,2.20,,,,,,,,,74,,,,,,,,,,,,,,,,,3,-73,989,20,-70,1008,16,8,1080,13,8,1052,24,-42,979
1560673456,,,,,,62,3,13.00,1537,16.0,59,0,3929165,577638.58,13.94,1.90,,,,,,,,,112,,,,,,,,,,,,,,,,,24,-42,979,15,-86,1001,-22,33,1112,0,21,1024,-31,-26,1020
1560673457,,,,,,62,1,14.00,1694,17.0,59,0,3929169,577640.41,13.96,2.10,,,,,,,,,109,,,,,,,,,,,,,,,,,-31,-26,1020,-11,-7,1034,-15,52,1033,0,26,1040,17,-10,1001
1560673458,,,,,,62,1,16.00,1639,17.0,59,0,3929173,577642.34,13.98,2.00,,,,,,,,,128,,,,,,,,,,,,,,,,,17,-10,1001,4,25,1031,-2,27,1028,10,18,998,-14,8,1033
1560673459,,,,,,62,1,19.00,1388,10.0,59,0,3929179,577644.02,13.96,3.50,,,,,,,,,89,,,,,,,,,,,,,,,,,-78,20,1004,-102,40,1031,-93,28,991,-103,29,1014,-117,34,1027
1560673460,,,,,,62,1,21.00,1181,10.0,59,0,3929184,577644.59,13.93,11.00,,,,,,,,,31,,,,,,,,,,,,,,,,,-117,34,1027,-103,17,1000,-105,18,1026,-102,29,1014,-103,-4,1015
1560673461,,,,,,62,1,21.00,1179,10.0,59,0,3929190,577645.11,13.95,11.00,,,,,,,,,31,,,,,,,,,,,,,,,,,-104,-8,1016,-117,-33,1054,-120,-3,1098,-65,-78,1014,-50,-45,1038
1560673462,,,,,,62,1,22.00,1283,14.0,60,0,3929196,577646.13,13.95,5.30,,,,,,,,,68,,,,,,,,,,,,,,,,,-46,-55,1036,-58,-55,1091,-54,-34,1030,-39,-62,1037,-44,-21,1075
1560673463,,,,,,56,1,22.00,1331,15.0,60,0,3929202,577647.35,13.95,4.90,,,,,,,,,73,,,,,,,,,,,,,,,,,-63,81,1035,-90,108,1053,-115,100,1050,-130,110,1041,-139,96,1065
1560673464,,,,,,56,1,21.00,1167,10.0,60,0,3929208,577648.06,13.95,8.70,,,,,,,,,39,,,,,,,,,,,,,,,,,-139,96,1065,-126,102,1006,-145,106,1071,-123,74,1004,-138,85,1023
1560673465,,,,,,56,1,20.00,1037,10.0,60,1,3929214,577648.55,13.84,11.20,,,,,,,,,29,,,,,,,,,,,,,,,,,-138,85,1023,-143,97,1027,-125,76,943,-163,77,987,-167,67,983
1560673466,,,,,,56,1,19.00,934,10.0,60,1,3929219,577649.08,13.83,10.00,,,,,,,,,31,,,,,,,,,,,,,,,,,-167,67,983,-189,62,1001,-196,79,983,-179,44,991,-171,21,1001
1560673467,,,,,,56,1,13.00,849,10.0,60,1,3929223,577649.57,13.91,7.40,,,,,,,,,29,,,,,,,,,,,,,,,,,-158,-10,991,-126,15,1031,-88,-11,1029,-73,-9,993,-80,-16,1034
1560673468,,,,,,56,1,11.00,831,14.0,60,0,3929226,577650.06,13.90,6.10,,,,,,,,,29,,,,,,,,,,,,,,,,,-80,-16,1034,-31,-16,1031,14,-52,1026,26,-48,1038,20,-26,1053
1560673469,,,,,,56,1,9.00,1242,17.0,60,0,3929229,577651.55,13.97,1.60,,,,,,,,,89,,,,,,,,,,,,,,,,,20,-26,1053,65,-45,1024,83,-75,1041,62,-108,1027,48,-68,1058
1560673470,,,,,,56,1,10.00,1612,18.0,60,0,3929232,577653.99,13.98,1.10,,,,,,,,,138,,,,,,,,,,,,,,,,,48,-68,1058,29,-78,1054,26,-121,1026,11,-125,1046,20,-103,1044
1560673471,,,,,,56,1,15.00,2063,19.0,60,0,3929236,577656.58,13.95,1.60,,,,,,,,,152,,,,,,,,,,,,,,,,,46,-9,1020,39,-5,1043,17,33,1044,9,30,1071,18,-6,1053
1560673472,,,,,,56,3,19.00,1630,19.0,60,0,3929241,577659.11,13.96,2.00,,,,,,,,,151,,,,,,,,,,,,,,,,,18,-6,1053,33,11,1000,28,0,1029,12,-32,940,-103,-9,1141
1560673473,,,,,,56,3,23.00,1687,12.0,60,0,3929246,577661.64,13.94,2.50,,,,,,,,,151,,,,,,,,,,,,,,,,,-103,-9,1141,-95,30,1006,-68,-28,985,-83,16,1067,-73,-9,981
1560673474,,,,,,56,3,24.00,1481,10.0,61,0,3929253,577662.41,13.91,8.30,,,,,,,,,47,,,,,,,,,,,,,,,,,-77,-9,983,-97,7,1028,-99,3,1035,-66,-9,950,-117,1,1092
1560673475,,,,,,56,3,26.00,1124,15.0,61,0,3929260,577663.18,13.98,7.00,,,,,,,,,61,,,,,,,,,,,,,,,,,-64,13,1030,-51,6,1023,-82,41,1125,-58,86,1004,-32,3,1010
1560673476,,,,,,56,3,26.00,1215,18.0,61,0,3929268,577664.31,14.00,5.80,,,,,,,,,73,,,,,,,,,,,,,,,,,-32,2,1045,-25,8,1019,-9,-3,1019,-16,3,1052,-12,-6,1014
1560673477,,,,,,56,3,25.00,1534,18.0,61,0,3929275,577666.54,13.99,3.10,,,,,,,,,133,,,,,,,,,,,,,,,,,-12,-6,1014,-30,11,1068,-4,-9,1005,-8,-35,1000,-25,4,1028
1560673478,,,,,,56,1,27.00,1532,18.0,61,0,3929282,577668.69,13.97,3.50,,,,,,,,,127,,,,,,,,,,,,,,,,,-27,-5,1027,-21,13,1008,-28,22,1021,-41,25,1060,-21,29,1023
1560673479,,,,,,56,1,29.00,1529,16.0,61,0,3929290,577670.79,13.97,3.80,,,,,,,,,124,,,,,,,,,,,,,,,,,-24,-16,949,-73,0,1049,-68,27,1030,-50,26,1028,-53,1,1044
1560673480,,,,,,56,1,30.00,1352,16.0,61,0,3929298,577672.59,13.94,5.50,,,,,,,,,90,,,,,,,,,,,,,,,,,-55,6,1044,-49,-8,1022,-50,-24,1036,-43,-28,1010,-46,-40,1008
1560673481,,,,,,56,1,30.00,1358,16.0,61,0,3929307,577674.05,13.98,5.60,,,,,,,,,87,,,,,,,,,,,,,,,,,-42,-41,1007,-46,-49,1022,-48,-54,1011,-51,-61,1015,-51,-53,1014
1560673482,,,,,,56,1,31.00,1362,16.0,61,0,3929315,577675.51,13.96,5.80,,,,,,,,,87,,,,,,,,,,,,,,,,,-51,-53,1014,-58,-38,1037,-37,-11,1013,-57,-8,1036,-45,-2,1013
1560673483,,,,,,56,1,32.00,1386,16.0,62,0,3929324,577677.00,13.98,5.90,,,,,,,,,89,,,,,,,,,,,,,,,,,-68,-55,1062,-56,-47,1035,-49,-52,1015,-59,-57,1043,-47,-48,1004
1560673484,,,,,,56,1,33.00,1392,16.0,62,0,3929333,577678.50,13.93,6.00,,,,,,,,,90,,,,,,,,,,,,,,,,,-47,-48,1004,-58,-26,1042,-56,-24,1042,-51,-35,1019,-47,-39,1019
1560673485,,,,,,56,1,34.00,1400,16.0,62,0,3929342,577680.01,13.94,6.20,,,,,,,,,90,,,,,,,,,,,,,,,,,-47,-39,1019,-56,-47,1026,-72,-44,1057,-35,-41,970,-31,-37,946
1560673486,,,,,,56,1,33.00,1408,16.0,62,0,3929352,577681.53,13.98,6.00,,,,,,,,,90,,,,,,,,,,,,,,,,,-31,-37,946,-81,-41,1069,-32,-16,987,-52,-34,1016,-51,-14,1023
1560673487,,,,,,56,1,35.00,1367,10.0,62,0,3929361,577682.89,13.99,8.00,,,,,,,,,72,,,,,,,,,,,,,,,,,-87,-30,1037,-101,-31,1013,-97,-39,1013,-102,-56,1014,-103,-46,997
1560673488,,,,,,56,1,35.00,1194,10.0,62,0,3929371,577683.73,13.97,19.90,,,,,,,,,29,,,,,,,,,,,,,,,,,-103,-46,997,-100,-45,1002,-99,-40,1018,-101,-42,1025,-88,-38,985
1560673489,,,,,,56,1,35.00,1194,11.0,62,0,3929381,577684.26,13.98,18.40,,,,,,,,,31,,,,,,,,,,,,,,,,,-88,-38,985,-124,-44,1024,-145,-7,1097,-74,-36,928,-91,-18,1060
1560673490,,,,,,56,1,34.00,1215,15.0,63,0,3929390,577685.13,13.99,8.40,,,,,,,,,66,,,,,,,,,,,,,,,,,-91,-18,1060,-67,-12,983,-63,-19,1014,-61,-31,1044,-43,-27,1043
1560673491,,,,,,56,1,33.00,1539,17.0,63,0,3929399,577686.79,14.00,4.30,,,,,,,,,126,,,,,,,,,,,,,,,,,-32,-2,1020,-40,-8,1065,-42,-14,1020,-28,-22,1005,-34,-22,1020
1560673492,,,,,,56,1,35.00,1556,17.0,63,0,3929409,577688.88,13.97,4.70,,,,,,,,,123,,,,,,,,,,,,,,,,,-34,-22,1020,-42,-29,1022,-50,-24,1054,-33,-21,1002,-32,-32,985
1560673493,,,,,,56,1,36.00,1573,17.0,63,0,3929419,577690.88,13.98,5.00,,,,,,,,,119,,,,,,,,,,,,,,,,,-32,-32,985,-47,-20,1044,-56,-20,996,-84,-21,1057,-69,-31,1018
1560673494,,,,,,56,1,37.00,1483,14.0,63,0,3929429,577692.05,13.98,11.50,,,,,,,,,53,,,,,,,,,,,,,,,,,-77,-30,1020,-84,-22,1029,-88,-3,1025,-80,8,1003,-114,-3,1008
1560673495,,,,,,56,1,39.00,1373,12.0,63,0,3929440,577692.81,13.95,16.40,,,,,,,,,39,,,,,,,,,,,,,,,,,-123,-7,1014,-127,-15,1059,-105,3,1004,-110,43,1029,-110,44,992
1560673496,,,,,,68,4,38.00,1361,12.0,64,0,3929450,577693.46,13.98,16.30,,,,,,,,,38,,,,,,,,,,,,,,,,,-103,40,987,-114,6,1027,-112,-30,1041,-85,0,995,-110,36,1015
1560673497,,,,,,68,4,38.00,1340,10.0,64,0,3929461,577694.09,13.98,16.60,,,,,,,,,38,,,,,,,,,,,,,,,,,-104,36,1013,-119,13,1034,-108,-24,1014,-111,-39,1018,-132,-67,1026
1560673498,,,,,,68,4,37.00,1200,10.0,64,0,3929471,577694.57,13.98,20.60,,,,,,,,,29,,,,,,,,,,,,,,,,,-129,-69,1032,-111,-62,1005,-123,-65,1038,-111,-56,1019,-110,-57,1035
1560673499,,,,,,68,2,35.00,1285,14.0,64,0,3929481,577695.22,13.99,11.90,,,,,,,,,48,,,,,,,,,,,,,,,,,-88,-30,1037,-74,-13,1029,-58,-9,992,-86,-3,1060,-73,-4,1018
1560673500,,,,,,68,2,35.00,1319,14.0,64,0,3929491,577696.13,14.01,9.70,,,,,,,,,59,,,,,,,,,,,,,,,,,-73,-4,1018,-78,-18,1038,-69,-63,994,-104,-113,995,-119,-113,1104
1560673501,,,,,,68,2,33.00,1319,14.0,64,0,3929500,577697.16,14.03,8.80,,,,,,,,,62,,,,,,,,,,,,,,,,,-119,-113,1104,-76,-106,1004,-54,-101,1014,-76,-110,1033,-57,-82,1035
1560673502,,,,,,68,1,34.00,1372,17.0,64,0,3929510,577698.72,13.98,5.30,,,,,,,,,105,,,,,,,,,,,,,,,,,-61,-84,1037,-54,-88,1060,-50,-81,1050,-30,-69,1008,-37,-62,1034
1560673503,,,,,,68,1,35.00,1553,18.0,65,0,3929519,577700.72,14.01,4.70,,,,,,,,,123,,,,,,,,,,,,,,,,,-27,-38,1009,-52,-59,1072,-52,-84,1030,-36,-90,1016,-58,-107,1035
1560673504,,,,,,68,1,36.00,1575,18.0,65,0,3929529,577702.77,14.03,4.80,,,,,,,,,122,,,,,,,,,,,,,,,,,-58,-107,1035,-56,-102,1040,-56,-112,1037,-43,-125,1003,-76,-108,1078
1560673505,,,,,,68,3,36.00,1593,18.0,65,0,3929539,577704.85,13.99,4.80,,,,,,,,,124,,,,,,,,,,,,,,,,,-76,-108,1078,-65,-99,1069,-36,-128,1009,-71,-128,1068,-60,-105,1038
1560673506,,,,,,68,3,37.00,1602,18.0,65,0,3929549,577706.93,13.99,5.00,,,,,,,,,121,,,,,,,,,,,,,,,,,-60,-105,1038,-40,-104,1021,-61,-120,1026,-52,-110,1030,-60,-65,1050
1560673507,,,,,,68,3,39.00,1516,15.0,65,0,3929560,577708.56,14.05,8.90,,,,,,,,,72,,,,,,,,,,,,,,,,,-82,-76,1038,-79,-97,1001,-81,-87,1041,-79,-78,1015,-87,-90,1056
1560673508,,,,,,68,3,39.00,1494,15.0,65,0,3929571,577709.76,14.01,9.00,,,,,,,,,71,,,,,,,,,,,,,,,,,-86,-87,1042,-90,-90,1064,-73,-116,996,-96,-120,1010,-90,-107,1037
1560673509,,,,,,68,3,39.00,1499,15.0,65,0,3929582,577710.95,14.01,9.00,,,,,,,,,71,,,,,,,,,,,,,,,,,-89,-108,1035,-88,-107,1034,-86,-112,1021,-85,-111,1039,-84,-112,1025
1560673510,,,,,,68,3,40.00,1498,15.0,65,0,3929593,577712.24,14.01,8.30,,,,,,,,,79,,,,,,,,,,,,,,,,,-80,-113,1028,-85,-105,1033,-65,-95,1006,-90,-111,1016,-106,-151,1060
1560673511,,,,,,68,3,39.00,1521,15.0,66,0,3929604,577713.61,13.98,7.70,,,,,,,,,84,,,,,,,,,,,,,,,,,-79,-109,1040,-76,-100,1061,-82,-87,1066,-75,-92,1043,-63,-78,1044
1560673512,,,,,,68,3,39.00,1531,16.0,66,0,3929615,577715.01,14.02,7.70,,,,,,,,,84,,,,,,,,,,,,,,,,,-63,-78,1044,-58,-65,1000,-59,-38,1044,-52,-23,1036,-45,14,1011
1560673513,,,,,,68,3,39.00,1545,16.0,66,0,3929625,577716.48,13.93,7.30,,,,,,,,,88,,,,,,,,,,,,,,,,,-45,14,1011,-56,48,1027,-76,55,1040,-59,58,1049,-55,56,1060
1560673514,,,,,,68,3,40.00,1559,18.0,66,0,3929636,577718.35,14.02,5.20,,,,,,,,,126,,,,,,,,,,,,,,,,,-55,56,1060,-68,58,1082,-44,51,1040,-74,53,1028,-113,28,1046
1560673515,,,,,,68,3,40.00,1334,10.0,66,0,3929647,577719.71,14.02,23.90,,,,,,,,,27,,,,,,,,,,,,,,,,,-118,-65,1043,-88,-84,952,-121,-107,1000,-126,-114,1006,-113,-127,993
1560673516,,,,,,68,3,38.00,1227,10.0,66,0,3929658,577720.17,14.02,22.40,,,,,,,,,28,,,,,,,,,,,,,,,,,-113,-127,993,-123,-121,1006,-122,-127,982,-117,-106,1007,-119,-110,950
1560673517,,,,,,68,3,38.00,1199,10.0,66,1,3929669,577720.62,13.90,23.40,,,,,,,,,27,,,,,,,,,,,,,,,,,-119,-110,950,-153,-118,1045,-110,-93,958,-133,-77,1002,-155,-96,990
1560673518,,,,,,68,3,38.00,1175,10.0,66,1,3929679,577721.09,13.99,22.00,,,,,,,,,28,,,,,,,,,,,,,,,,,-155,-96,990,-181,-99,1019,-173,-111,1008,-186,-126,1017,-184,-142,980
1560673519,,,,,,68,3,37.00,1158,10.0,67,1,3929689,577721.57,13.93,21.40,,,,,,,,,28,,,,,,,,,,,,,,,,,-169,-231,1036,-187,-240,1083,-125,-216,991,-155,-209,1080,-146,-206,1001
1560673520,,,,,,68,3,36.00,1153,10.0,67,1,3929700,577722.05,13.95,20.90,,,,,,,,,28,,,,,,,,,,,,,,,,,-146,-206,1001,-158,-215,1068,-131,-175,1019,-112,-118,1004,-119,-77,1045
1560673521,,,,,,68,3,36.00,1180,10.0,67,1,3929710,577722.54,13.93,20.40,,,,,,,,,29,,,,,,,,,,,,,,,,,-119,-77,1045,-114,-42,1034,-110,-7,1037,-113,16,1038,-111,22,1014
1560673522,,,,,,68,3,37.00,1194,10.0,67,1,3929720,577723.03,13.93,21.00,,,,,,,,,29,,,,,,,,,,,,,,,,,-111,22,1014,-139,88,1032,-163,176,1050,-164,243,1038,-176,216,1021
1560673523,,,,,,68,3,36.00,1162,10.0,67,1,3929730,577723.51,13.94,20.90,,,,,,,,,28,,,,,,,,,,,,,,,,,-143,-168,996,-156,-181,1016,-127,-139,1016,-129,-104,1030,-128,-65,1067
1560673524,,,,,,68,3,36.00,1137,10.0,67,1,3929740,577723.98,13.90,21.30,,,,,,,,,28,,,,,,,,,,,,,,,,,-128,-65,1067,-109,-56,1048,-113,-74,1044,-127,-86,1057,-112,-81,1036
1560673525,,,,,,68,3,35.00,1170,10.0,67,0,3929750,577724.46,14.05,20.30,,,,,,,,,28,,,,,,,,,,,,,,,,,-110,-78,1031,-114,-58,1056,-116,-79,1027,-127,-113,1030,-115,-115,1000
1560673526,,,,,,80,3,36.00,1194,10.0,67,0,3929760,577724.95,14.03,20.40,,,,,,,,,29,,,,,,,,,,,,,,,,,-119,-118,1018,-96,-98,965,-136,-58,1062,-133,-83,1050,-144,-64,1066
1560673527,,,,,,80,3,35.00,1101,10.0,68,1,3929770,577725.41,13.90,21.60,,,,,,,,,26,,,,,,,,,,,,,,,,,-158,110,938,-187,156,1026,-177,134,1002,-164,99,982,-171,120,1042
1560673528,,,,,,80,3,33.00,1040,10.0,68,1,3929779,577725.86,13.96,19.80,,,,,,,,,27,,,,,,,,,,,,,,,,,-171,120,1042,-158,101,1012,-142,63,1018,-127,20,1026,-117,11,1020
1560673529,,,,,,80,3,32.00,1057,10.0,68,1,3929788,577726.34,13.91,18.80,,,,,,,,,28,,,,,,,,,,,,,,,,,-119,8,1017,-126,-3,1028,-146,-43,1045,-150,-95,1006,-166,-57,1065
1560673530,,,,,,80,3,31.00,1043,10.0,68,1,3929797,577726.80,13.94,18.60,,,,,,,,,27,,,,,,,,,,,,,,,,,-164,-51,1061,-134,-29,977,-160,20,1036,-172,74,1080,-117,72,980
1560673531,,,,,,80,3,29.00,982,10.0,68,0,3929805,577727.26,13.95,18.00,,,,,,,,,27,,,,,,,,,,,,,,,,,-142,175,1035,-148,168,1046,-140,149,1025,-142,155,1025,-142,134,1043
1560673532,,,,,,80,3,28.00,1036,12.0,68,0,3929813,577727.80,14.02,12.30,,,,,,,,,37,,,,,,,,,,,,,,,,,-142,134,1043,-146,138,1051,-138,128,1048,-109,67,1013,-103,34,1047
1560673533,,,,,,80,3,27.00,1071,12.0,68,0,3929820,577728.51,14.04,10.50,,,,,,,,,42,,,,,,,,,,,,,,,,,-103,34,1047,-95,29,1024,-97,16,1031,-93,7,1001,-92,14,1012
1560673534,,,,,,80,3,27.00,997,10.0,68,1,3929828,577728.98,13.92,15.80,,,,,,,,,28,,,,,,,,,,,,,,,,,-92,14,1012,-133,82,1049,-144,108,1046,-126,81,1016,-125,85,1029
1560673535,,,,,,80,3,27.00,956,12.0,68,0,3929835,577729.45,14.02,14.70,,,,,,,,,30,,,,,,,,,,,,,,,,,-119,104,1025,-118,126,1037,-107,127,1055,-92,121,1047,-72,106,1035
1560673536,,,,,,80,3,27.00,1225,16.0,69,0,3929843,577730.47,14.01,4.90,,,,,,,,,91,,,,,,,,,,,,,,,,,-72,106,1035,-107,129,1041,-106,149,1062,-110,128,1071,-94,64,1070
1560673537,,,,,,80,3,26.00,1335,16.0,69,0,3929850,577731.94,14.02,4.70,,,,,,,,,91,,,,,,,,,,,,,,,,,-94,64,1070,-52,38,980,-85,46,1093,-69,87,1009,-75,88,1045
1560673538,,,,,,80,3,28.00,1350,14.0,69,0,3929858,577733.08,14.00,11.20,,,,,,,,,41,,,,,,,,,,,,,,,,,-75,88,1045,-89,74,1026,-134,107,1057,-136,148,1039,-163,167,1074
1560673539,,,,,,80,3,29.00,1017,10.0,69,1,3929866,577733.59,13.97,16.60,,,,,,,,,29,,,,,,,,,,,,,,,,,-167,155,1042,-159,145,1035,-161,159,1024,-157,133,1029,-150,115,1018
1560673540,,,,,,80,3,28.00,1026,10.0,69,1,3929874,577734.11,13.90,14.10,,,,,,,,,32,,,,,,,,,,,,,,,,,-150,115,1018,-150,139,1055,-144,176,1051,-167,178,1066,-144,168,1017
1560673541,,,,,,86,3,27.00,1047,10.0,69,0,3929882,577734.69,13.99,12.60,,,,,,,,,35,,,,,,,,,,,,,,,,,-145,165,1027,-144,191,1043,-171,138,1083,-130,190,1004,-136,145,1060
1560673542,,,,,,86,3,28.00,1061,12.0,69,0,3929889,577735.42,14.01,10.40,,,,,,,,,44,,,,,,,,,,,,,,,,,-136,145,1060,-142,183,1022,-145,147,1064,-177,135,1144,-73,123,869
1560673543,,,,,,86,3,28.00,1249,15.0,69,0,3929897,577736.44,13.97,5.80,,,,,,,,,76,,,,,,,,,,,,,,,,,-69,66,1046,-58,34,1064,-32,51,1006,-63,74,1081,-50,68,1064
1560673544,,,,,,86,4,29.00,1461,18.0,69,0,3929905,577738.14,14.02,3.70,,,,,,,,,127,,,,,,,,,,,,,,,,,-50,68,1064,-61,88,1049,-48,78,1045,-54,74,1051,-52,70,1059
1560673545,,,,,,86,4,30.00,1545,18.0,69,0,3929913,577740.23,14.04,3.80,,,,,,,,,129,,,,,,,,,,,,,,,,,-52,70,1059,-45,53,1056,-35,46,1039,-39,47,1055,-41,29,1066
1560673546,,,,,,86,4,31.00,1584,18.0,69,0,3929922,577742.51,14.01,3.70,,,,,,,,,136,,,,,,,,,,,,,,,,,-41,29,1066,-15,30,992,-28,17,1044,-50,11,1068,-19,0,1025
1560673547,,,,,,86,4,35.00,1486,14.0,70,0,3929931,577744.38,14.00,6.50,,,,,,,,,87,,,,,,,,,,,,,,,,,-58,-27,998,-81,-23,1041,-74,-11,1033,-63,14,996,-87,21,1056
1560673548,,,,,,86,4,37.00,1415,14.0,70,0,3929941,577745.57,14.00,10.90,,,,,,,,,56,,,,,,,,,,,,,,,,,-87,21,1056,-82,45,1002,-93,49,1032,-90,45,1009,-100,54,1051
1560673549,,,,,,86,4,38.00,1420,14.0,70,0,3929951,577746.56,14.00,10.50,,,,,,,,,59,,,,,,,,,,,,,,,,,-100,54,1051,-101,76,1032,-118,73,1052,-113,59,1033,-129,68,1054
1560673550,,,,,,86,4,38.00,1383,11.0,70,0,3929962,577747.26,13.94,15.00,,,,,,,,,42,,,,,,,,,,,,,,,,,-129,68,1054,-109,50,1030,-116,16,1055,-89,26,1001,-99,13,1037
1560673551,,,,,,86,4,38.00,1442,14.0,70,0,3929972,577748.07,14.03,10.40,,,,,,,,,60,,,,,,,,,,,,,,,,,-103,-112,1034,-95,-138,1015,-104,-136,1055,-95,-143,1021,-94,-140,1011
1560673552,,,,,,86,4,38.00,1454,14.0,70,0,3929983,577749.15,14.00,9.10,,,,,,,,,69,,,,,,,,,,,,,,,,,-94,-140,1011,-114,-116,1088,-82,-128,1008,-105,-149,1048,-102,-136,1054
1560673553,,,,,,93,6,39.00,1466,14.0,70,0,3929994,577750.31,14.03,9.20,,,,,,,,,70,,,,,,,,,,,,,,,,,-102,-136,1054,-93,-127,1044,-102,-139,1063,-112,-138,1061,-92,-149,1054
1560673554,,,,,,93,6,39.00,1481,16.0,70,0,3930005,577751.44,14.02,9.60,,,,,,,,,67,,,,,,,,,,,,,,,,,-92,-149,1054,-95,-150,1062,-92,-150,1046,-81,-153,1056,-84,-152,1032
1560673555,,,,,,93,6,39.00,1539,16.0,70,0,3930015,577753.02,14.01,6.50,,,,,,,,,98,,,,,,,,,,,,,,,,,-84,-152,1032,-90,-149,1073,-76,-145,1030,-81,-139,1055,-74,-135,1049
1560673556,,,,,,93,6,40.00,1583,16.0,70,0,3930026,577754.67,13.98,6.70,,,,,,,,,98,,,,,,,,,,,,,,,,,-77,-83,1087,-66,-84,1055,-52,-99,1003,-74,-97,1054,-45,-62,1019
1560673557,,,,,,93,6,40.00,1596,16.0,71,0,3930037,577756.33,14.05,6.60,,,,,,,,,100,,,,,,,,,,,,,,,,,-48,-60,1023,-32,-48,981,-87,-92,1036,-115,-100,1154,0,-30,844
1560673558,,,,,,93,6,42.00,1610,16.0,71,0,3930049,577758.03,14.05,6.80,,,,,,,,,101,,,,,,,,,,,,,,,,,0,-30,844,-90,-54,1063,-63,-72,991,-43,-61,947,-86,-53,1025
1560673559,,,,,,100,6,41.00,1631,14.0,71,0,3930060,577759.41,14.05,10.60,,,,,,,,,63,,,,,,,,,,,,,,,,,-90,-55,1028,-81,-72,1012,-99,-85,1054,-104,-102,1051,-102,-104,1063
1560673560,,,,,,100,6,43.00,1432,10.0,71,0,3930072,577760.19,14.01,23.90,,,,,,,,,29,,,,,,,,,,,,,,,,,-128,-71,1068,-108,-38,1006,-100,8,1020,-127,21,1052,-106,24,1021
1560673561,,,,,,100,6,42.00,1333,10.0,71,0,3930084,577760.63,14.03,27.60,,,,,,,,,25,,,,,,,,,,,,,,,,,-106,24,1021,-112,56,1013,-150,113,1045,-153,127,1041,-151,121,1019
1560673562,,,,,,100,6,43.00,1301,10.0,71,0,3930096,577761.09,13.98,26.10,,,,,,,,,27,,,,,,,,,,,,,,,,,-151,121,1019,-148,111,998,-171,168,1067,-173,145,1064,-146,73,1065
1560673563,,,,,,100,6,41.00,1282,10.0,71,0,3930107,577761.55,14.05,23.80,,,,,,,,,28,,,,,,,,,,,,,,,,,-146,73,1065,-111,56,938,-188,143,1115,-140,109,984,-148,55,1018
1560673564,,,,,,100,6,40.00,1248,10.0,72,0,3930118,577762.03,14.01,23.20,,,,,,,,,28,,,,,,,,,,,,,,,,,-99,-54,973,-143,-132,1040,-103,-92,992,-111,-17,1023,-123,-58,1046
1560673565,,,,,,100,8,39.00,1235,10.0,72,0,3930129,577762.50,14.04,23.00,,,,,,,,,28,,,,,,,,,,,,,,,,,-123,-58,1046,-112,-114,995,-116,-100,1008,-126,-111,1018,-128,-131,999
1560673566,,,,,,100,8,38.00,1206,10.0,72,0,3930140,577762.96,14.02,22.90,,,,,,,,,27,,,,,,,,,,,,,,,,,-128,-131,999,-135,-144,1017,-135,-152,1032,-119,-180,962,-116,-150,970
1560673567,,,,,,100,8,36.00,1187,13.0,72,0,3930150,577763.59,14.05,13.10,,,,,,,,,45,,,,,,,,,,,,,,,,,-116,-150,970,-109,-70,1038,-108,10,1062,-91,18,1017,-106,-23,1063
1560673568,,,,,,100,8,36.00,1361,10.0,72,0,3930160,577764.36,13.97,12.90,,,,,,,,,46,,,,,,,,,,,,,,,,,-87,-81,984,-98,8,1031,-115,-20,1037,-124,-93,1026,-118,-112,1007
1560673569,,,,,,100,8,37.00,1217,10.0,72,0,3930170,577764.80,13.97,24.30,,,,,,,,,25,,,,,,,,,,,,,,,,,-118,-108,1010,-133,-111,1039,-130,-122,1036,-142,-147,1047,-138,-143,1042
1560673570,,,,,,100,8,36.00,1122,10.0,72,0,3930180,577765.23,14.02,23.60,,,,,,,,,25,,,,,,,,,,,,,,,,,-141,-144,1044,-130,-137,1032,-139,-163,1020,-135,-157,1018,-144,-163,1016
1560673571,,,,,,100,8,36.00,1108,10.0,73,0,3930190,577765.68,14.00,22.30,,,,,,,,,26,,,,,,,,,,,,,,,,,-144,-163,1016,-142,-147,1044,-135,-142,1003,-117,-141,997,-133,-128,1032
1560673572,,,,,,100,8,36.00,1120,10.0,73,1,3930200,577766.13,13.96,21.80,,,,,,,,,27,,,,,,,,,,,,,,,,,-109,2,1023,-120,14,1082,-72,-5,934,-121,16,1038,-143,68,1072
1560673573,,,,,,100,8,35.00,1121,10.0,73,0,3930210,577766.59,14.01,21.20,,,,,,,,,27,,,,,,,,,,,,,,,,,-143,68,1072,-136,107,1039,-148,113,1048,-158,128,1049,-154,170,1042
1560673574,,,,,,100,8,36.00,1111,10.0,73,0,3930220,577767.05,14.00,21.80,,,,,,,,,27,,,,,,,,,,,,,,,,,-154,170,1042,-172,156,1059,-151,118,1016,-141,79,1002,-136,38,974
1560673575,,,,,,100,8,35.00,1086,10.0,73,0,3930230,577767.50,13.98,21.60,,,,,,,,,26,,,,,,,,,,,,,,,,,-136,38,974,-110,41,941,-162,64,1052,-191,121,1131,-125,93,1004
1560673576,,,,,,100,8,34.00,1090,10.0,73,0,3930239,577767.95,14.04,21.00,,,,,,,,,26,,,,,,,,,,,,,,,,,-142,-103,1047,-171,-144,1110,-136,-264,972,-129,-229,916,-194,-230,1089
1560673577,,,,,,100,8,34.00,1054,10.0,73,0,3930248,577768.39,14.04,22.00,,,,,,,,,25,,,,,,,,,,,,,,,,,-194,-230,1089,-148,-187,1016,-145,-214,1027,-161,-181,1005,-167,-133,1015
1560673578,,,,,,100,8,33.00,1041,10.0,73,1,3930258,577768.85,13.89,19.80,,,,,,,,,27,,,,,,,,,,,,,,,,,-167,-133,1015,-164,-77,1021,-166,-51,977,-253,64,1146,-163,33,906
1560673579,,,,,,100,8,33.00,1068,10.0,73,1,3930267,577769.29,13.95,20.80,,,,,,,,,26,,,,,,,,,,,,,,,,,-163,33,906,-184,78,969,-261,66,1175,-168,92,923,-191,179,1085
1560673580,,,,,,100,5,29.00,1063,13.0,74,0,3930275,577769.80,14.02,14.00,,,,,,,,,34,,,,,,,,,,,,,,,,,-133,255,1022,-150,285,1057,-141,208,1028,-114,95,1036,-63,27,1001
1560673581,,,,,,100,5,28.00,1145,16.0,74,0,3930283,577770.74,14.01,7.90,,,,,,,,,58,,,,,,,,,,,,,,,,,-63,27,1001,-75,-3,1041,-57,-9,1046,-27,-24,1006,-56,-18,1065
1560673582,,,,,,100,5,28.00,1370,18.0,74,0,3930291,577772.45,14.04,4.50,,,,,,,,,102,,,,,,,,,,,,,,,,,-56,-18,1065,-60,-13,1034,-69,-15,1034,-36,0,1048,-52,-17,1082
1560673583,,,,,,100,5,30.00,1522,18.0,74,0,3930299,577774.53,14.06,4.00,,,,,,,,,124,,,,,,,,,,,,,,,,,-52,-17,1082,-62,-52,1060,-27,-61,996,-39,-63,1027,-29,-58,999
1560673584,,,,,,100,5,32.00,1559,18.0,74,0,3930308,577776.58,14.04,4.40,,,,,,,,,120,,,,,,,,,,,,,,,,,-38,-44,1035,-62,-1,1097,-40,-12,1033,-42,-44,1011,-76,-71,1026
1560673585,,,,,,100,5,34.00,1575,14.0,74,0,3930317,577778.61,14.03,4.60,,,,,,,,,122,,,,,,,,,,,,,,,,,-76,-71,1026,-102,-29,1017,-114,-10,1046,-123,-44,1025,-109,-75,970
1560673586,,,,,,100,8,36.00,1262,10.0,74,0,3930327,577779.09,13.97,20.90,,,,,,,,,28,,,,,,,,,,,,,,,,,-104,-77,975,-113,-41,1009,-115,-42,1029,-116,-45,1019,-97,-30,1014
1560673587,,,,,,100,8,36.00,1126,10.0,74,0,3930337,577779.50,14.06,23.10,,,,,,,,,25,,,,,,,,,,,,,,,,,-97,-30,1014,-105,-26,1012,-91,-27,976,-109,34,1012,-125,85,994
1560673588,,,,,,100,8,35.00,1131,10.0,74,0,3930347,577779.95,14.07,20.70,,,,,,,,,28,,,,,,,,,,,,,,,,,-152,84,1053,-141,36,1042,-127,-25,1003,-150,-40,1083,-87,-37,953
1560673589,,,,,,100,5,35.00,1105,10.0,74,1,3930356,577780.38,13.69,23.00,,,,,,,,,25,,,,,,,,,,,,,,,,,-92,-34,958,-113,-26,1006,-161,-42,1034,-153,4,1010,-148,5,999
1560673590,,,,,,100,5,35.00,1073,10.0,75,1,3930366,577780.79,13.92,24.00,,,,,,,,,24,,,,,,,,,,,,,,,,,-148,5,999,-204,4,1037,-220,37,1006,-239,75,1041,-235,55,1009
1560673591,,,,,,100,5,34.00,1071,10.0,75,1,3930376,577781.21,13.95,22.50,,,,,,,,,25,,,,,,,,,,,,,,,,,-228,55,1009,-226,44,992,-224,40,1018,-220,47,994,-209,29,998
1560673592,,,,,,100,10,31.00,941,10.0,75,1,3930384,577781.63,13.95,20.50,,,,,,,,,25,,,,,,,,,,,,,,,,,-232,29,988,-230,10,987,-223,5,976,-222,-5,988,-216,-1,992
1560673593,,,,,,100,10,27.00,854,10.0,75,1,3930392,577782.06,13.95,18.60,,,,,,,,,24,,,,,,,,,,,,,,,,,-216,-1,992,-196,-6,980,-193,-5,1012,-147,-7,1000,-148,-18,1002
1560673594,,,,,,100,10,23.00,763,10.0,75,1,3930399,577782.44,13.89,16.70,,,,,,,,,22,,,,,,,,,,,,,,,,,-148,-18,1002,-151,-27,1025,-124,1,1007,-119,17,1017,-126,17,1020
1560673595,,,,,,100,12,21.00,706,10.0,75,1,3930405,577782.81,13.88,15.90,,,,,,,,,21,,,,,,,,,,,,,,,,,-126,17,1020,-129,29,1026,-135,41,1010,-137,26,1025,-146,22,1027
1560673596,135.776998,34.203466,2.9,481.2,0.0,100,12,17.00,862,10.0,75,1,3930410,577783.24,13.92,9.70,,,,,,,,,29,,,,,,,,,,,,,,,,,-103,41,1017,-128,52,1058,-142,89,1054,-107,45,1019,-124,70,1059
1560673597,135.777006,34.203537,2.9,475.6,0.0,100,12,17.00,1070,10.0,75,1,3930414,577783.81,13.88,7.30,,,,,,,,,38,,,,,,,,,,,,,,,,,-124,70,1059,-138,84,1065,-109,55,1004,-108,40,1046,-113,56,1043
1560673598,135.777015,34.203591,2.9,476.8,0.0,106,12,17.00,1132,12.0,75,0,3930419,577784.43,14.04,7.70,,,,,,,,,36,,,,,,,,,,,,,,,,,-113,56,1043,-119,63,1041,-96,33,1018,-87,34,1022,-137,73,1079
1560673599,135.777014,34.203652,2.9,476.9,0.0,106,12,15.00,1218,14.0,75,0,3930423,577785.36,14.06,3.90,,,,,,,,,63,,,,,,,,,,,,,,,,,-137,73,1079,-88,18,1012,-54,-30,1016,-68,-9,1037,-64,-30,1046
1560673600,135.777031,34.203702,2.9,476.7,0.0,106,12,15.00,1191,10.0,75,0,3930427,577786.14,13.99,8.50,,,,,,,,,29,,,,,,,,,,,,,,,,,-71,-30,1022,-93,-43,1038,-129,-115,1032,-147,-120,1032,-145,-90,1023
1560673601,135.777047,34.203751,2.9,476.6,0.0,106,7,16.00,872,10.0,75,1,3930432,577786.69,13.89,9.40,,,,,,,,,28,,,,,,,,,,,,,,,,,-142,-88,1025,-142,-80,1009,-166,-111,1019,-174,-101,1021,-178,-78,1010
1560673602,135.777073,34.203795,2.9,476.9,0.0,106,7,14.00,815,10.0,76,1,3930436,577787.12,13.87,9.00,,,,,,,,,25,,,,,,,,,,,,,,,,,-178,-78,1010,-169,-57,995,-197,-102,1023,-194,-87,1000,-192,-71,1012
1560673603,135.777098,34.203840,2.9,477.0,0.0,106,7,13.00,834,10.0,76,1,3930439,577787.55,13.90,8.10,,,,,,,,,26,,,,,,,,,,,,,,,,,-193,-69,1012,-196,-78,1008,-191,-77,998,-161,-56,1017,-161,-66,1014
1560673604,135.777126,34.203881,5.5,477.1,0.0,106,7,7.00,661,10.0,76,1,3930442,577787.97,13.87,4.90,,,,,,,,,23,,,,,,,,,,,,,,,,,-164,-52,1011,-173,-63,1011,-166,-54,1008,-90,-61,1041,-45,-65,1004
1560673605,135.777134,34.203935,500.0,476.6,0.0,106,7,5.00,646,10.0,76,1,3930443,577788.38,13.84,3.40,,,,,,,,,23,,,,,,,,,,,,,,,,,-38,-64,1006,-58,-58,1045,-59,-61,1029,-48,-62,1034,-50,-62,1034
1560673606,135.777168,34.203969,500.0,476.6,0.0,106,7,3.00,668,10.0,76,1,3930444,577788.79,13.80,1.90,,,,,,,,,24,,,,,,,,,,,,,,,,,-49,-61,1034,-50,-62,1033,-48,-60,1033,-50,-62,1033,-49,-59,1034
1560673607,135.777242,34.203977,500.0,477.0,0.0,106,10,3.00,797,10.0,76,1,3930445,577789.19,13.79,2.00,,,,,,,,,24,,,,,,,,,,,,,,,,,-49,-59,1034,-48,-63,1032,-52,-62,1036,-51,-62,1033,-55,-61,1032
1560673608,135.777258,34.204023,500.0,476.9,0.0,106,10,0.00,776,10.0,76,0,3930446,577789.59,13.96,0.00,,,,,,,,,23,,,,,,,,,,,,,,,,,-47,-58,1035,-55,-63,1037,-50,-56,1035,-52,-62,1034,-51,-61,1035
1560673609,135.777301,34.204049,500.0,476.8,0.0,106,10,0.00,760,10.0,76,0,3930446,577789.97,13.98,0.00,,,,,,,,,22,,,,,,,,,,,,,,,,,-51,-61,1035,-50,-60,1035,-52,-60,1035,-51,-60,1035,-51,-59,1035
1560673610,135.777360,34.204065,500.0,477.0,0.0,106,9,0.00,789,10.0,76,0,3930446,577790.37,13.96,0.00,,,,,,,,,23,,,,,,,,,,,,,,,,,-51,-59,1035,-51,-63,1034,-51,-62,1033,-50,-60,1035,-50,-60,1036
1560673611,135.777391,34.204095,500.0,476.8,0.0,106,9,0.00,782,10.0,76,0,3930446,577790.76,13.95,0.00,,,,,,,,,23,,,,,,,,,,,,,,,,,-50,-60,1036,-51,-60,1036,-50,-60,1036,-51,-60,1035,-50,-60,1035
1560673612,135.777397,34.204146,500.0,476.5,0.0,106,9,0.00,797,10.0,76,0,3930446,577791.16,13.97,0.00,,,,,,,,,24,,,,,,,,,,,,,,,,,-51,-62,1035,-50,-60,1035,-49,-60,1037,-51,-60,1036,-49,-59,1035
1560673613,135.777384,34.204213,500.0,476.4,0.0,106,9,0.00,788,10.0,77,0,3930446,577791.56,13.99,0.00,,,,,,,,,23,,,,,,,,,,,,,,,,,-49,-59,1035,-51,-62,1036,-49,-60,1036,-51,-61,1037,-50,-64,1034
1560673614,135.777440,34.204222,500.0,476.3,0.0,106,9,0.00,804,10.0,77,0,3930446,577791.96,13.98,0.00,,,,,,,,,24,,,,,,,,,,,,,,,,,-50,-64,1034,-50,-63,1034,-50,-60,1036,-49,-61,1034,-51,-60,1036
1560673615,,,,,,106,9,0.00,802,10.0,77,0,3930446,577792.36,14.00,0.00,,,,,,,,,24,,,,,,,,,,,,,,,,,-51,-60,1036,-49,-60,1037,-49,-61,1036,-50,-61,1035,-50,-59,1037
1560673616,,,,,,106,9,0.00,500,10.0,77,0,3930446,577792.71,13.26,0.00,,,,,,,,,18,,,,,,,,,,,,,,,,,-47,-59,1036,-53,-62,1036,-51,-59,1032,-51,-60,1035,-48,-55,1039
